Ejecución diaria: Sat Dec 28 20:41:22 UTC 2024
Ejecución diaria: Sat Dec 28 22:49:23 UTC 2024
Ejecución diaria: Sun Dec 29 22:48:51 UTC 2024
Ejecución diaria: Mon Dec 30 22:49:14 UTC 2024
Ejecución diaria: Tue Dec 31 22:48:53 UTC 2024
Ejecución diaria: Wed Jan  1 22:49:12 UTC 2025
Ejecución diaria: Thu Jan  2 22:49:07 UTC 2025
Ejecución diaria: Fri Jan  3 22:49:09 UTC 2025
Ejecución diaria: Sat Jan  4 22:49:22 UTC 2025
Ejecución diaria: Sun Jan  5 22:49:05 UTC 2025
Ejecución diaria: Mon Jan  6 22:49:15 UTC 2025
Ejecución diaria: Tue Jan  7 22:49:09 UTC 2025
Ejecución diaria: Wed Jan  8 22:49:10 UTC 2025
Ejecución diaria: Thu Jan  9 22:49:27 UTC 2025
Ejecución diaria: Fri Jan 10 22:49:26 UTC 2025
Ejecución diaria: Sat Jan 11 22:48:57 UTC 2025
Ejecución diaria: Sun Jan 12 22:49:18 UTC 2025
Ejecución diaria: Mon Jan 13 22:49:13 UTC 2025
Ejecución diaria: Tue Jan 14 22:49:19 UTC 2025
Ejecución diaria: Wed Jan 15 22:49:18 UTC 2025
Ejecución diaria: Thu Jan 16 22:49:10 UTC 2025
Ejecución diaria: Fri Jan 17 22:48:55 UTC 2025
Ejecución diaria: Sat Jan 18 22:49:05 UTC 2025
Ejecución diaria: Sun Jan 19 22:49:17 UTC 2025
Ejecución diaria: Mon Jan 20 22:49:12 UTC 2025
Ejecución diaria: Tue Jan 21 22:49:18 UTC 2025
Ejecución diaria: Wed Jan 22 19:49:11 UTC 2025
Ejecución diaria: Wed Jan 22 22:49:13 UTC 2025
Ejecución diaria: Thu Jan 23 22:49:17 UTC 2025
Ejecución diaria: Fri Jan 24 22:49:12 UTC 2025
Ejecución diaria: Sat Jan 25 22:49:07 UTC 2025
Ejecución diaria: Sun Jan 26 22:49:04 UTC 2025
Ejecución diaria: Mon Jan 27 22:49:01 UTC 2025
Ejecución diaria: Tue Jan 28 22:49:13 UTC 2025
Ejecución diaria: Wed Jan 29 22:49:00 UTC 2025
Ejecución diaria: Thu Jan 30 22:49:15 UTC 2025
Ejecución diaria: Fri Jan 31 22:48:58 UTC 2025
Ejecución diaria: Sat Feb  1 22:49:22 UTC 2025
Ejecución diaria: Sun Feb  2 22:49:15 UTC 2025
Ejecución diaria: Mon Feb  3 22:49:19 UTC 2025
Ejecución diaria: Tue Feb  4 22:49:13 UTC 2025
Ejecución diaria: Wed Feb  5 22:48:58 UTC 2025
Ejecución diaria: Thu Feb  6 22:49:20 UTC 2025
Ejecución diaria: Fri Feb  7 22:49:15 UTC 2025
Ejecución diaria: Sat Feb  8 22:49:02 UTC 2025
Ejecución diaria: Sun Feb  9 22:49:18 UTC 2025
Ejecución diaria: Mon Feb 10 22:49:08 UTC 2025
Ejecución diaria: Tue Feb 11 22:48:58 UTC 2025
Ejecución diaria: Wed Feb 12 22:48:57 UTC 2025
Ejecución diaria: Thu Feb 13 22:48:59 UTC 2025
Ejecución diaria: Fri Feb 14 22:49:16 UTC 2025
Ejecución diaria: Sat Feb 15 22:49:02 UTC 2025
Ejecución diaria: Sun Feb 16 22:49:10 UTC 2025
Ejecución diaria: Mon Feb 17 22:48:51 UTC 2025
Ejecución diaria: Tue Feb 18 22:49:03 UTC 2025
Ejecución diaria: Wed Feb 19 22:48:51 UTC 2025
Ejecución diaria: Thu Feb 20 22:49:03 UTC 2025
Ejecución diaria: Fri Feb 21 22:49:10 UTC 2025
Ejecución diaria: Sat Feb 22 22:48:54 UTC 2025
Ejecución diaria: Sun Feb 23 22:49:02 UTC 2025
Ejecución diaria: Mon Feb 24 22:49:05 UTC 2025
Ejecución diaria: Tue Feb 25 22:49:12 UTC 2025
Ejecución diaria: Wed Feb 26 22:49:02 UTC 2025
Ejecución diaria: Thu Feb 27 22:49:09 UTC 2025
Ejecución diaria: Fri Feb 28 22:49:21 UTC 2025
Ejecución diaria: Sat Mar  1 22:48:48 UTC 2025
Ejecución diaria: Sun Mar  2 22:49:02 UTC 2025
Ejecución diaria: Mon Mar  3 22:48:59 UTC 2025
Ejecución diaria: Tue Mar  4 22:48:54 UTC 2025
Ejecución diaria: Wed Mar  5 22:49:07 UTC 2025
Ejecución diaria: Thu Mar  6 22:48:57 UTC 2025
Ejecución diaria: Fri Mar  7 22:49:07 UTC 2025
Ejecución diaria: Sat Mar  8 22:49:18 UTC 2025
Ejecución diaria: Sun Mar  9 22:49:03 UTC 2025
Ejecución diaria: Mon Mar 10 22:49:20 UTC 2025
Ejecución diaria: Tue Mar 11 22:49:05 UTC 2025
Ejecución diaria: Wed Mar 12 22:48:53 UTC 2025
Ejecución diaria: Thu Mar 13 22:49:09 UTC 2025
Ejecución diaria: Fri Mar 14 22:49:09 UTC 2025
Ejecución diaria: Sat Mar 15 22:49:04 UTC 2025
Ejecución diaria: Sun Mar 16 22:49:00 UTC 2025
Ejecución diaria: Mon Mar 17 22:49:04 UTC 2025
Ejecución diaria: Tue Mar 18 22:49:07 UTC 2025
Ejecución diaria: Wed Mar 19 22:48:54 UTC 2025
Ejecución diaria: Thu Mar 20 22:49:13 UTC 2025
Ejecución diaria: Fri Mar 21 22:48:53 UTC 2025
Ejecución diaria: Sat Mar 22 22:49:10 UTC 2025
Ejecución diaria: Sun Mar 23 22:48:54 UTC 2025
Ejecución diaria: Mon Mar 24 22:49:06 UTC 2025
Ejecución diaria: Tue Mar 25 22:49:17 UTC 2025
Ejecución diaria: Wed Mar 26 22:49:00 UTC 2025
Ejecución diaria: Thu Mar 27 22:49:08 UTC 2025
Ejecución diaria: Fri Mar 28 22:49:08 UTC 2025
Ejecución diaria: Sat Mar 29 22:48:46 UTC 2025
Ejecución diaria: Sun Mar 30 22:49:14 UTC 2025
Ejecución diaria: Mon Mar 31 22:48:52 UTC 2025
Ejecución diaria: Tue Apr  1 22:48:46 UTC 2025
Ejecución diaria: Wed Apr  2 22:49:01 UTC 2025
Ejecución diaria: Thu Apr  3 22:49:07 UTC 2025
Ejecución diaria: Fri Apr  4 22:48:50 UTC 2025
Ejecución diaria: Sat Apr  5 22:48:54 UTC 2025
Ejecución diaria: Sun Apr  6 22:49:20 UTC 2025
Ejecución diaria: Mon Apr  7 22:49:06 UTC 2025
Ejecución diaria: Tue Apr  8 22:49:10 UTC 2025
Ejecución diaria: Wed Apr  9 22:48:53 UTC 2025
Ejecución diaria: Thu Apr 10 22:49:14 UTC 2025
Ejecución diaria: Fri Apr 11 22:49:46 UTC 2025
Ejecución diaria: Sat Apr 12 22:49:09 UTC 2025
Ejecución diaria: Sun Apr 13 22:49:02 UTC 2025
Ejecución diaria: Mon Apr 14 22:49:08 UTC 2025
Ejecución diaria: Tue Apr 15 22:49:00 UTC 2025
Ejecución diaria: Wed Apr 16 22:49:19 UTC 2025
Ejecución diaria: Thu Apr 17 22:48:59 UTC 2025
Ejecución diaria: Fri Apr 18 22:49:10 UTC 2025
Ejecución diaria: Sat Apr 19 22:49:08 UTC 2025
Ejecución diaria: Sun Apr 20 22:48:47 UTC 2025
Ejecución diaria: Mon Apr 21 22:49:12 UTC 2025
Ejecución diaria: Tue Apr 22 22:48:47 UTC 2025
Ejecución diaria: Wed Apr 23 22:48:56 UTC 2025
Ejecución diaria: Thu Apr 24 22:49:02 UTC 2025
Ejecución diaria: Fri Apr 25 22:50:41 UTC 2025
Ejecución diaria: Sat Apr 26 22:49:13 UTC 2025
Ejecución diaria: Sun Apr 27 22:48:57 UTC 2025
Ejecución diaria: Mon Apr 28 22:49:00 UTC 2025
Ejecución diaria: Tue Apr 29 22:49:06 UTC 2025
Ejecución diaria: Wed Apr 30 22:49:08 UTC 2025
Ejecución diaria: Thu May  1 22:48:51 UTC 2025
Ejecución diaria: Fri May  2 22:49:57 UTC 2025
Ejecución diaria: Sat May  3 22:49:05 UTC 2025
Ejecución diaria: Sun May  4 22:49:23 UTC 2025
Ejecución diaria: Mon May  5 22:49:24 UTC 2025
Ejecución diaria: Tue May  6 22:49:05 UTC 2025
Ejecución diaria: Wed May  7 22:49:33 UTC 2025
Ejecución diaria: Thu May  8 22:49:22 UTC 2025
Ejecución diaria: Fri May  9 22:48:58 UTC 2025
Ejecución diaria: Sat May 10 22:48:57 UTC 2025
Ejecución diaria: Sun May 11 22:49:03 UTC 2025
Ejecución diaria: Mon May 12 22:49:37 UTC 2025
Ejecución diaria: Tue May 13 22:49:38 UTC 2025
Ejecución diaria: Wed May 14 22:49:04 UTC 2025
Ejecución diaria: Thu May 15 22:49:05 UTC 2025
Ejecución diaria: Fri May 16 22:49:10 UTC 2025
Ejecución diaria: Sat May 17 22:48:56 UTC 2025
Ejecución diaria: Sun May 18 22:48:55 UTC 2025
Ejecución diaria: Mon May 19 22:49:16 UTC 2025
Ejecución diaria: Tue May 20 22:49:05 UTC 2025
Ejecución diaria: Wed May 21 22:49:12 UTC 2025
Ejecución diaria: Thu May 22 22:49:43 UTC 2025
Ejecución diaria: Fri May 23 22:49:00 UTC 2025
Ejecución diaria: Sat May 24 22:48:59 UTC 2025
Ejecución diaria: Sun May 25 22:49:08 UTC 2025
Ejecución diaria: Mon May 26 22:49:38 UTC 2025
Ejecución diaria: Tue May 27 22:49:38 UTC 2025
Ejecución diaria: Wed May 28 22:49:17 UTC 2025
Ejecución diaria: Thu May 29 22:50:10 UTC 2025
Ejecución diaria: Fri May 30 22:49:39 UTC 2025
Ejecución diaria: Sat May 31 22:49:13 UTC 2025
Ejecución diaria: Sun Jun  1 22:49:24 UTC 2025
Ejecución diaria: Mon Jun  2 22:49:51 UTC 2025
Ejecución diaria: Tue Jun  3 22:50:15 UTC 2025
Ejecución diaria: Wed Jun  4 22:49:07 UTC 2025
Ejecución diaria: Thu Jun  5 22:49:34 UTC 2025
Ejecución diaria: Fri Jun  6 22:49:07 UTC 2025
Ejecución diaria: Sat Jun  7 22:49:00 UTC 2025
Ejecución diaria: Sun Jun  8 22:49:16 UTC 2025
Ejecución diaria: Mon Jun  9 22:51:06 UTC 2025
Ejecución diaria: Tue Jun 10 22:50:35 UTC 2025
Ejecución diaria: Wed Jun 11 22:50:27 UTC 2025
Ejecución diaria: Thu Jun 12 22:49:58 UTC 2025
Ejecución diaria: Fri Jun 13 22:50:10 UTC 2025
Ejecución diaria: Sat Jun 14 22:49:21 UTC 2025
Ejecución diaria: Sun Jun 15 22:50:08 UTC 2025
Ejecución diaria: Mon Jun 16 22:50:24 UTC 2025
Ejecución diaria: Tue Jun 17 22:50:42 UTC 2025
Ejecución diaria: Wed Jun 18 22:50:32 UTC 2025
Ejecución diaria: Thu Jun 19 22:50:10 UTC 2025
Ejecución diaria: Fri Jun 20 22:50:33 UTC 2025
Ejecución diaria: Sat Jun 21 22:49:10 UTC 2025
Ejecución diaria: Sun Jun 22 22:49:58 UTC 2025
Ejecución diaria: Mon Jun 23 22:50:56 UTC 2025
Ejecución diaria: Tue Jun 24 22:50:42 UTC 2025
Ejecución diaria: Wed Jun 25 22:50:59 UTC 2025
Ejecución diaria: Thu Jun 26 22:50:40 UTC 2025
Ejecución diaria: Fri Jun 27 22:51:13 UTC 2025
Ejecución diaria: Sat Jun 28 22:49:38 UTC 2025
Ejecución diaria: Sun Jun 29 22:49:53 UTC 2025
Ejecución diaria: Mon Jun 30 22:51:15 UTC 2025
Ejecución diaria: Tue Jul  1 22:51:03 UTC 2025
Ejecución diaria: Wed Jul  2 22:50:45 UTC 2025
Ejecución diaria: Thu Jul  3 22:50:44 UTC 2025
Ejecución diaria: Fri Jul  4 22:51:00 UTC 2025
Ejecución diaria: Sat Jul  5 22:49:31 UTC 2025
Ejecución diaria: Sun Jul  6 22:50:50 UTC 2025
Ejecución diaria: Mon Jul  7 22:51:10 UTC 2025
Ejecución diaria: Tue Jul  8 22:51:24 UTC 2025
Ejecución diaria: Wed Jul  9 22:51:10 UTC 2025
Ejecución diaria: Thu Jul 10 22:51:54 UTC 2025
Ejecución diaria: Fri Jul 11 22:52:30 UTC 2025
Ejecución diaria: Sat Jul 12 22:50:59 UTC 2025
Ejecución diaria: Sun Jul 13 22:51:21 UTC 2025
Ejecución diaria: Mon Jul 14 22:53:35 UTC 2025
Ejecución diaria: Tue Jul 15 22:52:57 UTC 2025
Ejecución diaria: Wed Jul 16 22:54:43 UTC 2025
Ejecución diaria: Thu Jul 17 22:52:52 UTC 2025
Ejecución diaria: Fri Jul 18 22:53:32 UTC 2025
Ejecución diaria: Sat Jul 19 22:52:09 UTC 2025
Ejecución diaria: Sun Jul 20 22:52:03 UTC 2025
Ejecución diaria: Mon Jul 21 22:52:51 UTC 2025
Ejecución diaria: Tue Jul 22 22:53:08 UTC 2025
Ejecución diaria: Wed Jul 23 22:53:20 UTC 2025
Ejecución diaria: Thu Jul 24 22:53:43 UTC 2025
Ejecución diaria: Fri Jul 25 22:53:35 UTC 2025
Ejecución diaria: Sat Jul 26 22:52:05 UTC 2025
Ejecución diaria: Sun Jul 27 22:53:01 UTC 2025
Ejecución diaria: Mon Jul 28 22:55:28 UTC 2025
Ejecución diaria: Tue Jul 29 22:54:17 UTC 2025
Ejecución diaria: Wed Jul 30 22:53:24 UTC 2025
Ejecución diaria: Thu Jul 31 22:53:39 UTC 2025
Ejecución diaria: Fri Aug  1 22:53:33 UTC 2025
Ejecución diaria: Sat Aug  2 22:52:45 UTC 2025
Ejecución diaria: Sun Aug  3 22:53:39 UTC 2025
Ejecución diaria: Mon Aug  4 22:54:29 UTC 2025
Ejecución diaria: Tue Aug  5 22:54:22 UTC 2025
Ejecución diaria: Wed Aug  6 22:54:07 UTC 2025
Ejecución diaria: Thu Aug  7 22:54:29 UTC 2025
Ejecución diaria: Fri Aug  8 22:52:10 UTC 2025
Ejecución diaria: Sat Aug  9 22:51:22 UTC 2025
Ejecución diaria: Sun Aug 10 22:51:20 UTC 2025
Ejecución diaria: Mon Aug 11 22:50:45 UTC 2025
Ejecución diaria: Tue Aug 12 22:50:39 UTC 2025
Ejecución diaria: Wed Aug 13 22:50:04 UTC 2025
Ejecución diaria: Thu Aug 14 22:50:53 UTC 2025
Ejecución diaria: Fri Aug 15 22:50:42 UTC 2025
Ejecución diaria: Sat Aug 16 22:49:14 UTC 2025
Ejecución diaria: Sun Aug 17 22:50:40 UTC 2025
Ejecución diaria: Mon Aug 18 22:49:11 UTC 2025
Ejecución diaria: Tue Aug 19 22:49:05 UTC 2025
Ejecución diaria: Wed Aug 20 22:49:11 UTC 2025
Ejecución diaria: Thu Aug 21 22:49:04 UTC 2025
Ejecución diaria: Fri Aug 22 22:48:59 UTC 2025
Ejecución diaria: Sat Aug 23 22:48:52 UTC 2025
Ejecución diaria: Sun Aug 24 22:48:59 UTC 2025
Ejecución diaria: Mon Aug 25 22:49:06 UTC 2025
Ejecución diaria: Tue Aug 26 22:49:14 UTC 2025
Ejecución diaria: Wed Aug 27 22:49:05 UTC 2025
Ejecución diaria: Thu Aug 28 22:49:01 UTC 2025
Ejecución diaria: Fri Aug 29 22:49:11 UTC 2025
Ejecución diaria: Sat Aug 30 22:48:46 UTC 2025
Ejecución diaria: Sun Aug 31 22:49:00 UTC 2025
Ejecución diaria: Mon Sep  1 22:48:53 UTC 2025
Ejecución diaria: Tue Sep  2 22:49:04 UTC 2025
Ejecución diaria: Wed Sep  3 22:48:50 UTC 2025
Ejecución diaria: Thu Sep  4 22:49:11 UTC 2025
Ejecución diaria: Fri Sep  5 22:49:11 UTC 2025
Ejecución diaria: Sat Sep  6 22:49:07 UTC 2025
Ejecución diaria: Sun Sep  7 22:48:53 UTC 2025
Ejecución diaria: Mon Sep  8 22:48:47 UTC 2025
Ejecución diaria: Tue Sep  9 22:48:57 UTC 2025
Ejecución diaria: Wed Sep 10 22:48:53 UTC 2025
Ejecución diaria: Thu Sep 11 22:48:55 UTC 2025
Ejecución diaria: Fri Sep 12 22:48:54 UTC 2025
Ejecución diaria: Sat Sep 13 22:48:58 UTC 2025
Ejecución diaria: Sun Sep 14 22:49:08 UTC 2025
Ejecución diaria: Mon Sep 15 22:49:02 UTC 2025
Ejecución diaria: Tue Sep 16 22:48:53 UTC 2025
Ejecución diaria: Wed Sep 17 22:49:02 UTC 2025
Ejecución diaria: Thu Sep 18 22:48:54 UTC 2025
Ejecución diaria: Fri Sep 19 22:49:01 UTC 2025
Ejecución diaria: Sat Sep 20 22:49:00 UTC 2025
Ejecución diaria: Sun Sep 21 22:48:58 UTC 2025
Ejecución diaria: Mon Sep 22 22:49:11 UTC 2025
Ejecución diaria: Tue Sep 23 22:48:55 UTC 2025
Ejecución diaria: Wed Sep 24 22:49:19 UTC 2025
Ejecución diaria: Thu Sep 25 22:48:57 UTC 2025
Ejecución diaria: Fri Sep 26 22:49:04 UTC 2025
Ejecución diaria: Sat Sep 27 22:49:05 UTC 2025
Ejecución diaria: Sun Sep 28 22:48:48 UTC 2025
Ejecución diaria: Mon Sep 29 22:49:02 UTC 2025
Ejecución diaria: Tue Sep 30 22:49:04 UTC 2025
Ejecución diaria: Wed Oct  1 22:49:01 UTC 2025
Ejecución diaria: Thu Oct  2 22:48:50 UTC 2025
Ejecución diaria: Fri Oct  3 22:49:01 UTC 2025
Ejecución diaria: Sat Oct  4 22:49:06 UTC 2025
Ejecución diaria: Sun Oct  5 22:49:03 UTC 2025
Ejecución diaria: Mon Oct  6 22:49:06 UTC 2025
Ejecución diaria: Tue Oct  7 22:48:58 UTC 2025
Ejecución diaria: Wed Oct  8 22:48:54 UTC 2025
Ejecución diaria: Thu Oct  9 22:48:49 UTC 2025
Ejecución diaria: Fri Oct 10 22:49:10 UTC 2025
Ejecución diaria: Sat Oct 11 22:48:58 UTC 2025
Ejecución diaria: Sun Oct 12 22:48:56 UTC 2025
Ejecución diaria: Mon Oct 13 22:49:10 UTC 2025
Ejecución diaria: Tue Oct 14 22:49:05 UTC 2025
Ejecución diaria: Wed Oct 15 22:49:08 UTC 2025
Ejecución diaria: Thu Oct 16 22:49:11 UTC 2025
Ejecución diaria: Fri Oct 17 22:49:00 UTC 2025
Ejecución diaria: Sat Oct 18 22:49:09 UTC 2025
Ejecución diaria: Sun Oct 19 22:49:13 UTC 2025
Ejecución diaria: Mon Oct 20 22:49:23 UTC 2025
Ejecución diaria: Tue Oct 21 22:49:11 UTC 2025
Ejecución diaria: Wed Oct 22 22:49:15 UTC 2025
Ejecución diaria: Thu Oct 23 22:49:20 UTC 2025
Ejecución diaria: Fri Oct 24 22:48:58 UTC 2025
Ejecución diaria: Sat Oct 25 22:48:54 UTC 2025
Ejecución diaria: Sun Oct 26 22:49:02 UTC 2025
Ejecución diaria: Mon Oct 27 22:48:52 UTC 2025
Ejecución diaria: Tue Oct 28 22:49:18 UTC 2025
Ejecución diaria: Wed Oct 29 22:49:19 UTC 2025
Ejecución diaria: Thu Oct 30 22:48:59 UTC 2025
Ejecución diaria: Fri Oct 31 22:49:12 UTC 2025
Ejecución diaria: Sat Nov  1 22:49:11 UTC 2025
Ejecución diaria: Sun Nov  2 22:49:10 UTC 2025
Ejecución diaria: Mon Nov  3 22:49:14 UTC 2025
Ejecución diaria: Tue Nov  4 22:49:10 UTC 2025
Ejecución diaria: Wed Nov  5 22:49:13 UTC 2025
Ejecución diaria: Thu Nov  6 22:48:58 UTC 2025
Ejecución diaria: Fri Nov  7 22:49:08 UTC 2025
Ejecución diaria: Sat Nov  8 22:49:01 UTC 2025
Ejecución diaria: Sun Nov  9 22:48:55 UTC 2025
Ejecución diaria: Mon Nov 10 22:49:28 UTC 2025
Ejecución diaria: Tue Nov 11 22:49:13 UTC 2025
Ejecución diaria: Wed Nov 12 22:49:07 UTC 2025
Ejecución diaria: Thu Nov 13 22:49:07 UTC 2025
Ejecución diaria: Fri Nov 14 22:48:52 UTC 2025
Ejecución diaria: Sat Nov 15 22:48:55 UTC 2025
Ejecución diaria: Sun Nov 16 22:48:49 UTC 2025
Ejecución diaria: Mon Nov 17 22:49:34 UTC 2025
Ejecución diaria: Tue Nov 18 22:49:22 UTC 2025
Ejecución diaria: Wed Nov 19 22:49:03 UTC 2025
Ejecución diaria: Thu Nov 20 22:49:13 UTC 2025
Ejecución diaria: Fri Nov 21 22:49:09 UTC 2025
Ejecución diaria: Sat Nov 22 22:49:11 UTC 2025
Ejecución diaria: Sun Nov 23 22:49:08 UTC 2025
Ejecución diaria: Mon Nov 24 22:48:57 UTC 2025
Ejecución diaria: Tue Nov 25 22:49:48 UTC 2025
Ejecución diaria: Wed Nov 26 22:49:13 UTC 2025
Ejecución diaria: Thu Nov 27 22:48:51 UTC 2025
Ejecución diaria: Fri Nov 28 22:49:06 UTC 2025
Ejecución diaria: Sat Nov 29 22:49:05 UTC 2025
Ejecución diaria: Sun Nov 30 22:49:11 UTC 2025
Ejecución diaria: Mon Dec  1 22:49:40 UTC 2025
Ejecución diaria: Tue Dec  2 22:49:24 UTC 2025
Ejecución diaria: Wed Dec  3 22:51:03 UTC 2025
Ejecución diaria: Thu Dec  4 22:49:27 UTC 2025
Ejecución diaria: Fri Dec  5 22:48:52 UTC 2025
Ejecución diaria: Sat Dec  6 22:49:05 UTC 2025
Ejecución diaria: Sun Dec  7 22:49:03 UTC 2025
Ejecución diaria: Mon Dec  8 22:50:10 UTC 2025
Ejecución diaria: Tue Dec  9 22:48:53 UTC 2025
Ejecución diaria: Wed Dec 10 22:51:37 UTC 2025
Ejecución diaria: Thu Dec 11 22:51:15 UTC 2025
Ejecución diaria: Fri Dec 12 22:50:53 UTC 2025
Ejecución diaria: Sat Dec 13 22:49:03 UTC 2025
Ejecución diaria: Sun Dec 14 22:49:05 UTC 2025
Ejecución diaria: Mon Dec 15 22:51:44 UTC 2025
Ejecución diaria: Tue Dec 16 22:50:29 UTC 2025
Ejecución diaria: Wed Dec 17 22:51:41 UTC 2025
Ejecución diaria: Thu Dec 18 22:51:04 UTC 2025
